Fid,Tripid,Metro_Name,City,Source,Destination,Date_Time,NumberOfBoardings,Label,results
172.217.3.110-10.42.0.151-443-52531-6,10167,BMRCL,Bangalore,Byappanahalli,Vivekananda Station,2022-05-25T17:52:09.000Z,19,1,1
180.76.141.48-10.42.0.151-80-43417-6,10167,BMRCL,Bangalore,Indiranagar,MG Road,2022-05-25T17:46:22.000Z,20,1,1
239.255.255.250-10.42.0.1-1900-60178-17,10167,BMRCL,Bangalore,Lalbag,Vidhana Souda,2022-05-25T17:45:37.000Z,30,1,1
10.42.0.42-14.204.144.144-48659-80-6,10167,BMRCL,Bangalore,Maharani College,Kempe Gowda Station,2022-05-22T02:33:05.000Z,36,0,0
10.42.0.151-108.174.10.10-53262-443-6,10167,BMRCL,Bangalore,Kempe Gowda Station,Vijayanagar Tolgate,2022-05-21T22:28:24.000Z,37,1,1
180.76.168.195-10.42.0.211-80-45738-6,10167,BMRCL,Bangalore,Vijayanagar,Attiguppe,2022-05-21T20:22:50.000Z,19,0,0
10.42.0.1-10.42.0.42-53-37234-17,10167,BMRCL,Bangalore,Halasuru,Cubbon Park,2022-05-21T02:08:01.000Z,32,0,0
172.217.9.234-10.42.0.211-443-39509-6,10167,BMRCL,Bangalore,Attiguppe,Deepanjali Nagara,2022-06-16T21:39:45.000Z,40,0,0
172.217.10.106-10.42.0.151-443-49919-6,10167,BMRCL,Bangalore,Deepanjali Nagara, Mysuru Road,2022-06-16T18:11:02.000Z,32,1,1
10.42.0.211-115.239.210.141-39805-80-6,10167,BMRCL,Bangalore, Mysuru Road,Nayandahalli,2022-06-06T22:51:25.000Z,35,0,0
172.217.10.46-10.42.0.151-443-46506-6,10167,BMRCL,Bangalore,Nayandahalli,Rajarajeshwari Nagar,2022-06-02T19:28:10.000Z,41,1,1
10.42.0.211-66.198.24.224-54490-443-6,10167,BMRCL,Bangalore,Jnanabharathi,Pattanagere,2022-05-23T21:24:23.000Z,49,0,0
216.58.219.206-10.42.0.42-443-38832-6,10167,BMRCL,Bangalore,Kengeri Bus Terminal,Kengeri,2022-05-20T15:57:24.000Z,48,1,1
172.217.11.14-10.42.0.151-443-37232-6,10167,BMRCL,Bangalore,Kempegowda Majestic,Mantri Square Sampige Road,2022-05-19T13:04:08.000Z,45,0,0
220.170.182.31-10.42.0.211-443-37058-6,10167,BMRCL,Bangalore,Srirampura,Kuvempu Road,2022-05-17T00:03:40.000Z,34,1,1
183.79.250.251-10.42.0.151-443-57792-6,10167,BMRCL,Bangalore,Rajajinagar,Mahalakshmi,2022-05-12T21:53:25.000Z,18,1,1
219.142.78.162-10.42.0.211-443-56567-6,10167,BMRCL,Bangalore,Mahalakshmi,Sandal Soap Factory,2022-05-11T17:05:57.000Z,42,0,0
192.229.173.173-10.42.0.42-443-32983-6,10167,BMRCL,Bangalore,Sandal Soap Factory,Yeshwanthpur,2022-05-06T23:32:21.000Z,50,1,1
206.126.112.142-10.42.0.151-443-37218-6,10167,BMRCL,Bangalore,Yeshwanthpur,Goraguntepalya,2022-05-06T17:05:31.000Z,23,0,0
202.77.129.230-10.42.0.151-80-58524-6,10167,BMRCL,Bangalore,Goraguntepalya,Peenya,2022-04-28T02:58:37.577Z,36,0,0
10.42.0.211-10.42.0.1-47209-53-17,10167,BMRCL,Bangalore,Peenya,Peenya Industry,2022-04-25T20:19:17.070Z,30,1,1
10.42.0.1-10.42.0.42-53-64018-17,10167,BMRCL,Bangalore,Peenya Industry,Jalahalli,2022-04-25T19:31:14.083Z,58,1,1
172.217.10.227-10.42.0.211-443-42570-6,10167,BMRCL,Bangalore,Jalahalli,Dasarahalli,2022-04-22T17:43:49.911Z,35,0,0
239.255.255.250-10.42.0.1-1900-37540-17,10167,BMRCL,Bangalore,Dasarahalli,Nagasandra,2022-04-22T15:42:31.606Z,29,1,1
10.42.0.211-10.42.0.1-50052-53-17,10167,BMRCL,Bangalore,Nadaprabhu Kempegowda,Chikkapette,2022-04-08T20:43:34.000Z,49,0,0
10.42.0.211-104.193.88.109-53752-80-6,10167,BMRCL,Bangalore,Chikkapette,Krishna Rajendra Market,2022-03-30T16:59:45.000Z,21,1,1
180.149.136.194-10.42.0.211-443-35865-6,10167,BMRCL,Bangalore,Krishna Rajendra Market,National College,2022-03-29T16:46:33.000Z,52,0,0
10.42.0.211-123.125.29.138-34906-443-6,10167,BMRCL,Bangalore,Lalbagh Botanical Garden,South End Circle,2022-06-14T12:16:38.000Z,43,1,1
175.100.207.206-10.42.0.211-80-37527-6,10167,BMRCL,Bangalore,Jayanagara,Rashtreeya Vidyalaya Road,2022-04-09T00:04:45.000Z,47,0,0
180.149.136.194-10.42.0.211-443-59143-6,10168,BMRCL,Bangalore,Rashtreeya Vidyalaya Road,Banashankari,2022-03-24T20:24:14.000Z,48,0,0
172.217.6.206-10.42.0.211-443-34091-6,10168,BMRCL,Bangalore,Banashankari,Jaya Prakash Nagara,2022-03-19T12:52:18.000Z,34,0,0
203.205.191.25-10.42.0.151-80-54162-6,10168,BMRCL,Bangalore,Jaya Prakash Nagara,Yelachenahalli,2022-01-17T22:53:31.000Z,28,0,0
192.229.173.173-10.42.0.211-80-48547-6,10168,Delhi Metro,Delhi,Adarsh Nagar,AIIMS,2021-10-12T02:59:00.000Z,49,0,0
10.42.0.151-52.88.110.117-35448-443-6,10168,Delhi Metro,Delhi,AIIMS,Akshardham,2021-09-14T22:13:53.000Z,29,1,1
172.217.12.170-10.42.0.151-443-37088-6,10168,Delhi Metro,Delhi,Akshardham,Anand Vihar ISBT,2021-02-25T03:55:53.000Z,18,1,1
10.42.0.151-31.13.71.7-49849-443-6,10168,Delhi Metro,Delhi,Arjan Garh,Arthala,2021-02-25T00:55:42.000Z,32,0,0
10.42.0.151-125.39.133.40-35043-80-6,10168,Delhi Metro,Delhi,Arthala,Ashok Park Main,2021-02-23T22:03:30.000Z,44,0,0
203.205.158.60-10.42.0.151-80-54534-6,10168,Delhi Metro,Delhi,Ashok Park Main,Ashram,2022-06-15T23:24:54.000Z,37,0,0
180.163.255.159-10.42.0.151-80-33496-6,10168,Delhi Metro,Delhi,Azadpur,Badarpur Border,2022-06-15T13:54:56.000Z,29,1,1
172.217.10.142-10.42.0.151-443-60937-6,10168,Delhi Metro,Delhi,Badarpur Border,Badkhal Mor,2022-06-15T13:22:30.000Z,24,1,1
10.42.0.211-74.6.105.13-39953-443-6,10168,Delhi Metro,Delhi,Badkhal Mor,Bahadurgarh City,2022-06-10T13:13:13.000Z,31,1,1
10.42.0.151-68.67.178.197-53245-443-6,10168,Delhi Metro,Delhi,Bahadurgarh City,Barakhambha Road,2022-05-09T16:36:02.000Z,34,1,1
203.205.158.53-10.42.0.151-80-52191-6,10168,Delhi Metro,Delhi,Barakhambha Road,Bata Chowk,2022-05-04T16:50:16.000Z,30,1,1
174.35.73.111-10.42.0.211-80-51235-6,10168,Delhi Metro,Delhi,Bata Chowk,Bhikaji Cama Place,2022-05-03T10:28:48.000Z,45,0,0
10.42.0.211-87.240.165.91-49771-80-6,10168,Delhi Metro,Delhi,Bhikaji Cama Place,Botanical Garden,2022-05-02T11:29:15.000Z,31,1,1
172.217.3.100-10.42.0.151-443-47424-6,10168,Delhi Metro,Delhi,Botanical Garden,Brigadier Hoshiyar Singh,2022-04-27T13:36:18.528Z,30,0,0
10.42.0.211-52.84.26.207-47719-443-6,10168,Delhi Metro,Delhi,Brigadier Hoshiyar Singh,Central Secretariat,2022-04-07T05:52:29.000Z,34,0,0
10.42.0.211-64.71.142.120-43198-443-6,10169,Delhi Metro,Delhi,Central Secretariat,Chandni Chowk,2022-04-05T11:25:29.000Z,21,0,0
10.42.0.211-23.12.36.193-43303-443-6,10169,Delhi Metro,Delhi,Chandni Chowk,Chawri Bazar,2022-03-25T16:38:21.000Z,21,1,1
171.84.4.11-10.42.0.211-80-37412-6,10169,Delhi Metro,Delhi,Chawri Bazar,Chhatarpur,2022-03-21T13:36:58.000Z,23,0,0
10.42.0.211-66.198.24.240-33751-443-6,10169,Delhi Metro,Delhi,Chhatarpur,Chirag Delhi,2022-03-21T08:17:42.000Z,32,1,1
10.42.0.211-23.23.164.82-46016-443-6,10169,Delhi Metro,Delhi,Chirag Delhi,Civil Lines,2022-02-07T16:15:11.000Z,50,0,0
172.217.12.163-10.42.0.151-443-58245-6,10169,Delhi Metro,Delhi,Civil Lines,Dabri Mor-Janakpuri South,2021-11-25T14:25:07.000Z,47,1,1
172.217.10.99-10.42.0.211-443-55739-6,10169,Delhi Metro,Delhi,Dabri Mor-Janakpuri South,Dashrath Puri,2022-06-17T20:05:08.000Z,49,0,0
10.42.0.42-115.239.210.141-38203-443-6,10169,Delhi Metro,Delhi,Dashrath Puri,Delhi Aerocity,2022-06-14T00:42:48.000Z,32,1,1
172.217.6.227-10.42.0.151-443-35904-6,10169,Delhi Metro,Delhi,Delhi Aerocity,Delhi Cantonment,2022-06-09T13:58:23.000Z,51,1,1
10.42.0.151-54.173.220.111-54433-443-6,10169,Delhi Metro,Delhi,Delhi Cantonment,Delhi Gate,2022-05-31T16:26:01.000Z,60,0,0
10.42.0.151-10.42.0.1-36585-53-17,10169,Delhi Metro,Delhi,Delhi Gate,Dhaula Kuan,2022-05-30T11:03:56.000Z,32,1,1
220.243.219.55-10.42.0.42-80-48238-6,10169,Delhi Metro,Delhi,Dhaula Kuan,Dilshad Garden,2022-05-27T12:06:08.000Z,51,0,0
10.42.0.1-10.42.0.42-53-46033-17,10169,Delhi Metro,Delhi,Dilshad Garden,Durgabai Deshmukh South Campus,2022-05-05T17:16:14.000Z,27,0,0
151.101.1.140-10.42.0.211-443-44581-6,10169,Delhi Metro,Delhi,Durgabai Deshmukh South Campus,Dwarka,2022-04-12T16:30:37.000Z,39,1,1
10.42.0.151-10.42.0.1-54916-53-17,10169,Delhi Metro,Delhi,Dwarka,Dwarka Mor,2022-03-27T16:44:29.000Z,26,1,1
10.42.0.151-23.194.141.191-58289-443-6,10169,Delhi Metro,Delhi,Dwarka Mor,Dwarka Sector 8,2022-03-25T17:34:49.000Z,32,0,0
10.42.0.211-10.42.0.1-22205-53-17,10169,Delhi Metro,Delhi,Dwarka Sector 8,Dwarka Sector 9,2022-03-22T18:13:08.000Z,28,1,1
172.217.1.162-10.42.0.211-443-37226-6,10169,Delhi Metro,Delhi,Dwarka Sector 9,Dwarka Sector 10,2022-03-07T12:09:36.000Z,48,0,0
10.42.0.211-10.42.0.1-55945-53-17,10169,Delhi Metro,Delhi,Dwarka Sector 10,Dwarka Sector 11,2022-03-01T11:27:26.000Z,22,1,1
198.105.244.11-10.42.0.42-80-56643-6,10169,Delhi Metro,Delhi,Dwarka Sector 11,Dwarka Sector 12,2022-02-07T11:54:25.000Z,20,0,0
172.217.6.234-10.42.0.211-443-33627-6,10169,Delhi Metro,Delhi,Dwarka Sector 12,Dwarka Sector 13,2022-01-31T17:12:22.000Z,50,1,1
10.42.0.211-64.71.142.124-46991-443-6,10169,Delhi Metro,Delhi,Dwarka Sector 13,Dwarka Sector 14,2022-01-16T11:31:45.000Z,30,0,0
10.42.0.211-64.71.142.124-51151-443-6,10169,Delhi Metro,Delhi,Dwarka Sector 14,Dwarka Sector 21,2022-01-06T05:54:40.000Z,38,0,0
10.42.0.211-98.139.180.149-39170-443-6,10169,Delhi Metro,Delhi,East Azad Nagar,East Vinod Nagar,2021-12-23T15:48:59.000Z,50,0,0
10.42.0.211-72.21.206.135-42531-443-6,10169,Delhi Metro,Delhi,East Vinod Nagar,Escorts Mujesar,2021-12-17T23:22:34.000Z,42,0,0
10.42.0.211-64.71.142.124-57404-443-6,10169,Delhi Metro,Delhi,Escorts Mujesar,ESI Hospital,2021-12-15T09:24:14.000Z,53,0,0
10.42.0.211-10.42.0.1-52692-53-17,10170,Delhi Metro,Delhi,ESI Hospital,Ghevra,2022-06-18T00:43:27.000Z,26,1,1
172.217.12.194-10.42.0.211-443-38322-6,10170,Delhi Metro,Delhi,Ghevra,Ghitorni,2022-06-17T21:52:50.000Z,43,1,1
220.243.235.201-10.42.0.211-5285-32829-6,10170,Delhi Metro,Delhi,Ghitorni,Gokulpuri,2022-06-16T19:28:47.000Z,42,0,0
10.42.0.42-107.22.241.77-42656-443-6,10170,Hydrabad Metro Rail,Hydrabad,LB Nagar,Victoria Memorial,2022-06-16T18:12:46.000Z,43,0,0
10.42.0.151-10.42.0.1-48795-53-17,10170,Hydrabad Metro Rail,Hydrabad,Victoria Memorial,Chaitanyapuri,2022-06-15T20:26:17.000Z,36,0,0
192.229.163.180-10.42.0.151-443-33897-6,10170,Hydrabad Metro Rail,Hydrabad,Chaitanyapuri,Dilsukhnagar,2022-06-15T17:23:12.000Z,19,1,1
10.42.0.42-123.125.115.164-60151-443-6,10170,Hydrabad Metro Rail,Hydrabad,Dilsukhnagar,Musarambagh,2022-06-15T03:25:19.000Z,19,1,1
203.130.53.126-10.42.0.211-80-52063-6,10170,Hydrabad Metro Rail,Hydrabad,Musarambagh,New Market,2022-06-14T20:31:24.000Z,37,1,1
151.101.117.140-10.42.0.211-443-55829-6,10170,Hydrabad Metro Rail,Hydrabad,New Market,Malakpet,2022-06-14T19:53:46.000Z,40,1,1
172.217.11.33-10.42.0.42-443-47175-6,10170,Hydrabad Metro Rail,Hydrabad,Malakpet,MG Bus Station,2022-06-14T05:37:06.000Z,23,1,1
10.42.0.42-106.39.169.66-57114-80-6,10170,Hydrabad Metro Rail,Hydrabad,MG Bus Station,Osmania Medical College,2022-06-14T04:11:31.000Z,19,0,0
10.42.0.211-104.196.216.31-56722-443-6,10170,Hydrabad Metro Rail,Hydrabad,Osmania Medical College,Gandhi Bhavan,2022-06-14T03:15:00.000Z,20,1,1
180.76.147.97-10.42.0.211-80-35187-6,10170,Hydrabad Metro Rail,Hydrabad,Gandhi Bhavan,Nampally,2022-06-14T00:06:15.000Z,41,0,0
173.194.204.101-10.42.0.151-443-51584-17,10170,Hydrabad Metro Rail,Hydrabad,Nampally,Assembly,2022-06-13T20:37:57.000Z,26,0,0
172.217.12.142-10.42.0.151-443-34666-6,10170,Hydrabad Metro Rail,Hydrabad,Assembly,Lakdi Ka Pul,2022-06-13T15:57:39.000Z,48,0,0
10.42.0.151-119.146.74.33-50164-443-6,10170,Hydrabad Metro Rail,Hydrabad,Lakdi Ka Pul,Khairatabad,2022-06-13T05:16:56.000Z,54,1,1
172.217.12.142-10.42.0.151-443-60718-6,10170,Hydrabad Metro Rail,Hydrabad,Khairatabad,Errum Manzil,2022-06-13T04:16:26.000Z,44,0,0
10.42.0.151-104.97.95.172-51882-80-6,10170,Hydrabad Metro Rail,Hydrabad,Errum Manzil,Punjagutta,2022-06-13T03:01:55.000Z,44,1,1
10.42.0.151-10.42.0.1-37570-53-17,10170,Hydrabad Metro Rail,Hydrabad,Punjagutta,Ameerpet,2022-06-12T21:20:00.000Z,47,0,0
10.42.0.211-104.192.110.245-53231-443-6,10170,Hydrabad Metro Rail,Hydrabad,Ameerpet,SR Nagar,2022-06-11T20:48:35.000Z,50,1,1
198.11.188.80-10.42.0.211-443-39431-6,10170,Hydrabad Metro Rail,Hydrabad,SR Nagar,ESI Hospital,2022-06-12T01:16:28.000Z,30,0,0
10.42.0.42-106.11.94.6-44904-443-6,10170,Hydrabad Metro Rail,Hydrabad,ESI Hospital,Erragadda,2022-05-27T04:08:21.000Z,33,1,1
172.217.7.1-10.42.0.211-443-39399-6,10170,Hydrabad Metro Rail,Hydrabad,Erragadda,Bharatnagar,2022-05-25T18:22:32.000Z,59,1,1
172.217.11.13-10.42.0.42-443-39934-17,10170,Hydrabad Metro Rail,Hydrabad,Bharatnagar,Moosapet,2022-05-24T22:41:09.000Z,42,0,0
239.255.255.250-10.42.0.1-1900-42182-17,10170,Hydrabad Metro Rail,Hydrabad,Moosapet,Balanagar,2022-05-21T23:55:14.000Z,52,1,1
202.77.129.185-10.42.0.211-80-55778-6,10171,Hydrabad Metro Rail,Hydrabad,Balanagar,Kukatpally,2022-05-20T23:00:52.000Z,43,0,0
172.217.6.195-10.42.0.151-443-51504-17,10171,Hydrabad Metro Rail,Hydrabad,Kukatpally,KPHB Colony,2022-05-20T21:18:46.000Z,42,0,0
172.217.8.3-10.42.0.42-443-33460-6,10171,Hydrabad Metro Rail,Hydrabad,KPHB Colony,JNTU College,2022-05-19T16:31:34.000Z,33,1,1
173.194.68.139-10.42.0.42-443-50632-6,10171,BMRCL,Bangalore,Byappanahalli,Vivekananda Station,2022-05-18T22:20:20.000Z,26,1,1
172.217.6.238-10.42.0.42-443-50604-6,10171,BMRCL,Bangalore,Indiranagar,MG Road,2022-05-18T19:16:39.000Z,41,0,0
10.42.0.211-54.243.56.30-40660-443-6,10171,BMRCL,Bangalore,Lalbag,Vidhana Souda,2022-05-18T16:25:25.000Z,27,1,1
10.42.0.151-35.185.101.163-54806-443-6,10171,BMRCL,Bangalore,Maharani College,Kempe Gowda Station,2022-05-18T16:07:29.000Z,37,0,0
10.42.0.151-42.236.126.162-44410-80-6,10171,BMRCL,Bangalore,Kempe Gowda Station,Vijayanagar Tolgate,2022-05-18T15:13:51.000Z,43,1,1
10.42.0.211-10.42.0.1-46198-53-17,10171,BMRCL,Bangalore,Vijayanagar,Attiguppe,2022-05-18T14:57:23.000Z,30,0,0
192.229.163.180-10.42.0.211-443-51962-6,10171,BMRCL,Bangalore,Halasuru,Cubbon Park,2022-05-18T14:53:49.000Z,47,1,1
10.42.0.42-36.51.254.232-48333-443-6,10171,BMRCL,Bangalore,Attiguppe,Deepanjali Nagara,2022-05-18T13:35:03.000Z,26,0,0
8.0.6.4-8.6.0.1-0-0-0,10171,BMRCL,Bangalore,Deepanjali Nagara, Mysuru Road,2022-05-18T11:13:33.000Z,49,0,0
203.205.158.61-10.42.0.211-80-57792-6,10171,BMRCL,Bangalore, Mysuru Road,Nayandahalli,2022-05-18T08:51:32.000Z,59,0,0
162.208.22.39-10.42.0.211-443-49076-6,10171,BMRCL,Bangalore,Nayandahalli,Rajarajeshwari Nagar,2022-05-18T06:27:45.000Z,58,0,0
222.73.31.32-10.42.0.211-8288-39276-6,10171,BMRCL,Bangalore,Jnanabharathi,Pattanagere,2022-05-18T05:45:47.000Z,32,0,0
10.42.0.211-104.254.66.16-57450-80-6,10171,BMRCL,Bangalore,Kengeri Bus Terminal,Kengeri,2022-06-18T07:31:09.000Z,37,1,1
10.42.0.211-123.59.190.237-41517-80-6,10171,BMRCL,Bangalore,Kempegowda Majestic,Mantri Square Sampige Road,2022-06-18T07:30:25.000Z,48,1,1
221.228.208.97-10.42.0.42-80-36445-6,10171,BMRCL,Bangalore,Srirampura,Kuvempu Road,2022-06-16T00:42:49.000Z,52,0,0
172.217.10.40-10.42.0.211-443-54902-6,10171,BMRCL,Bangalore,Rajajinagar,Mahalakshmi,2022-06-16T00:41:00.000Z,55,0,0
172.217.12.202-10.42.0.211-443-36099-6,10171,BMRCL,Bangalore,Mahalakshmi,Sandal Soap Factory,2022-06-09T19:49:08.000Z,33,0,0
172.217.6.234-10.42.0.211-443-51422-6,10171,BMRCL,Bangalore,Sandal Soap Factory,Yeshwanthpur,2022-06-06T07:44:58.000Z,53,1,1
10.42.0.211-10.42.0.1-21613-53-17,10171,BMRCL,Bangalore,Yeshwanthpur,Goraguntepalya,2022-06-06T03:03:44.000Z,26,1,1
10.42.0.151-23.205.18.73-41691-443-6,10171,BMRCL,Bangalore,Goraguntepalya,Peenya,2022-05-30T20:58:10.000Z,49,1,1
172.217.8.4-10.42.0.211-443-46736-6,10171,BMRCL,Bangalore,Peenya,Peenya Industry,2022-05-30T20:57:16.000Z,31,1,1
180.149.136.194-10.42.0.42-443-51654-6,10171,BMRCL,Bangalore,Peenya Industry,Jalahalli,2022-05-29T23:42:16.000Z,42,1,1
10.42.0.211-104.192.110.245-58909-80-6,10171,BMRCL,Bangalore,Jalahalli,Dasarahalli,2022-05-29T01:54:48.000Z,30,0,0
173.194.205.138-10.42.0.211-443-35869-6,10171,BMRCL,Bangalore,Dasarahalli,Nagasandra,2022-05-29T01:54:25.000Z,45,1,1
172.217.10.67-10.42.0.151-443-38319-6,10171,BMRCL,Bangalore,Nadaprabhu Kempegowda,Chikkapette,2022-05-21T05:05:38.000Z,49,0,0
140.205.94.6-10.42.0.211-443-48764-6,10171,BMRCL,Bangalore,Chikkapette,Krishna Rajendra Market,2022-05-19T06:10:41.000Z,47,0,0
224.0.0.251-10.42.0.42-5353-5353-17,10172,BMRCL,Bangalore,Krishna Rajendra Market,National College,2022-05-06T21:12:28.000Z,47,0,0
172.217.6.234-10.42.0.151-443-50712-6,10172,BMRCL,Bangalore,Lalbagh Botanical Garden,South End Circle,2022-05-06T21:12:01.000Z,29,1,1
239.255.255.250-10.42.0.1-1900-45146-17,10172,BMRCL,Bangalore,Jayanagara,Rashtreeya Vidyalaya Road,2022-05-05T12:10:58.000Z,40,0,0
172.217.9.227-10.42.0.42-443-38458-6,10172,BMRCL,Bangalore,Rashtreeya Vidyalaya Road,Banashankari,2022-05-01T04:50:01.000Z,21,1,1
172.217.3.106-10.42.0.151-443-34456-6,10172,BMRCL,Bangalore,Banashankari,Jaya Prakash Nagara,2022-05-01T04:49:14.000Z,32,0,0
173.222.148.33-10.42.0.151-80-36413-6,10172,BMRCL,Bangalore,Jaya Prakash Nagara,Yelachenahalli,2022-04-29T04:44:09.829Z,26,1,1
10.42.0.151-10.42.0.1-55065-53-17,10172,Delhi Metro,Delhi,Adarsh Nagar,AIIMS,2022-06-15T20:48:22.000Z,47,0,0
172.217.3.110-10.42.0.151-443-52929-6,10172,Delhi Metro,Delhi,AIIMS,Akshardham,2022-06-15T20:00:14.000Z,46,1,1
10.42.0.211-10.42.0.1-39072-53-17,10172,Delhi Metro,Delhi,Akshardham,Anand Vihar ISBT,2022-06-13T13:48:20.000Z,44,1,1
209.10.120.26-10.42.0.211-80-52957-6,10172,Delhi Metro,Delhi,Arjan Garh,Arthala,2022-06-13T13:37:59.000Z,41,0,0
162.208.22.39-10.42.0.211-443-45089-6,10172,Delhi Metro,Delhi,Arthala,Ashok Park Main,2022-06-08T23:49:14.000Z,37,1,1
172.217.10.225-10.42.0.151-443-39273-6,10172,Delhi Metro,Delhi,Ashok Park Main,Ashram,2022-06-08T17:00:18.000Z,29,0,0
10.42.0.151-13.107.3.128-40185-443-6,10172,Delhi Metro,Delhi,Azadpur,Badarpur Border,2022-06-08T14:35:34.000Z,47,0,0
10.42.0.211-10.42.0.1-49393-53-17,10172,Delhi Metro,Delhi,Badarpur Border,Badkhal Mor,2022-06-07T18:28:51.000Z,35,1,1
172.217.10.3-10.42.0.151-443-39644-6,10172,Delhi Metro,Delhi,Badkhal Mor,Bahadurgarh City,2022-06-06T13:10:25.000Z,48,1,1
222.73.28.96-10.42.0.42-80-43348-6,10172,Delhi Metro,Delhi,Bahadurgarh City,Barakhambha Road,2022-06-05T18:40:54.000Z,22,0,0
10.42.0.211-52.84.6.107-50537-443-6,10172,Delhi Metro,Delhi,Barakhambha Road,Bata Chowk,2022-06-04T14:03:02.000Z,41,1,1
10.42.0.211-66.198.24.243-49049-80-6,10172,Delhi Metro,Delhi,Bata Chowk,Bhikaji Cama Place,2022-06-03T10:06:07.000Z,26,0,0
10.42.0.211-103.235.46.211-43529-443-6,10172,Delhi Metro,Delhi,Bhikaji Cama Place,Botanical Garden,2022-06-02T18:16:28.000Z,18,1,1
180.163.255.159-10.42.0.211-80-56812-6,10172,Delhi Metro,Delhi,Botanical Garden,Brigadier Hoshiyar Singh,2022-06-02T14:34:54.000Z,28,0,0
10.42.0.211-10.42.0.1-50765-53-17,10172,Delhi Metro,Delhi,Brigadier Hoshiyar Singh,Central Secretariat,2022-06-02T13:57:25.000Z,33,1,1
172.217.10.10-10.42.0.42-443-39372-6,10172,Delhi Metro,Delhi,Central Secretariat,Chandni Chowk,2022-06-02T12:25:52.000Z,49,0,0
10.42.0.42-64.71.142.95-50539-80-6,10172,Delhi Metro,Delhi,Chandni Chowk,Chawri Bazar,2022-06-01T17:22:32.000Z,33,0,0
10.42.0.151-52.94.232.33-54608-443-6,10172,Delhi Metro,Delhi,Chawri Bazar,Chhatarpur,2022-06-01T15:55:33.000Z,43,0,0
10.42.0.42-119.146.74.33-40854-443-6,10173,Delhi Metro,Delhi,Chhatarpur,Chirag Delhi,2022-06-01T15:15:56.000Z,57,0,0
10.42.0.151-31.13.71.3-39484-443-6,10173,Delhi Metro,Delhi,Chirag Delhi,Civil Lines,2022-06-01T13:18:01.000Z,30,0,0
10.42.0.211-52.84.134.149-48832-443-6,10173,Delhi Metro,Delhi,Civil Lines,Dabri Mor-Janakpuri South,2022-06-18T10:21:46.000Z,42,1,1
10.42.0.151-23.9.107.127-55552-443-6,10173,Delhi Metro,Delhi,Dabri Mor-Janakpuri South,Dashrath Puri,2022-06-18T08:18:18.000Z,21,1,1
10.42.0.42-106.11.92.16-55306-443-6,10173,Delhi Metro,Delhi,Dashrath Puri,Delhi Aerocity,2022-06-18T08:02:58.000Z,47,0,0
10.42.0.151-10.42.0.1-65172-53-17,10173,Delhi Metro,Delhi,Delhi Aerocity,Delhi Cantonment,2022-06-18T07:32:41.000Z,28,0,0
151.101.1.140-10.42.0.151-443-40599-6,10173,Delhi Metro,Delhi,Delhi Cantonment,Delhi Gate,2022-06-18T01:24:16.000Z,52,0,0
10.42.0.211-10.42.0.1-43478-53-17,10173,Delhi Metro,Delhi,Delhi Gate,Dhaula Kuan,2022-06-18T00:26:08.000Z,30,1,1
10.42.0.211-103.7.30.118-56683-80-6,10173,Delhi Metro,Delhi,Dhaula Kuan,Dilshad Garden,2022-06-18T00:25:44.000Z,51,1,1
172.217.3.104-10.42.0.211-443-55019-6,10173,Delhi Metro,Delhi,Dilshad Garden,Durgabai Deshmukh South Campus,2022-06-18T00:03:24.000Z,58,1,1
209.10.120.26-10.42.0.211-80-38605-6,10173,Delhi Metro,Delhi,Durgabai Deshmukh South Campus,Dwarka,2022-06-17T23:16:19.000Z,26,1,1
216.58.219.195-10.42.0.211-443-53061-6,10173,Delhi Metro,Delhi,Dwarka,Dwarka Mor,2022-06-17T23:05:46.000Z,41,1,1
10.42.0.1-10.42.0.42-53-20728-17,10173,Delhi Metro,Delhi,Dwarka Mor,Dwarka Sector 8,2022-06-17T22:19:43.000Z,46,0,0
172.217.10.98-10.42.0.211-443-44285-6,10173,Delhi Metro,Delhi,Dwarka Sector 8,Dwarka Sector 9,2022-06-17T22:05:14.000Z,23,1,1
169.54.33.161-10.42.0.151-443-46557-6,10173,Delhi Metro,Delhi,Dwarka Sector 9,Dwarka Sector 10,2022-06-17T21:41:09.000Z,34,0,0
10.42.0.211-10.42.0.1-47910-53-17,10173,Delhi Metro,Delhi,Dwarka Sector 10,Dwarka Sector 11,2022-06-17T20:41:18.000Z,29,0,0
10.42.0.211-88.212.196.104-45782-443-6,10173,Delhi Metro,Delhi,Dwarka Sector 11,Dwarka Sector 12,2022-06-17T20:17:51.000Z,58,0,0
131.253.61.66-10.42.0.151-443-55326-6,10173,Delhi Metro,Delhi,Dwarka Sector 12,Dwarka Sector 13,2022-06-17T20:05:29.000Z,59,1,1
10.42.0.151-103.7.30.118-41331-80-6,10173,Delhi Metro,Delhi,Dwarka Sector 13,Dwarka Sector 14,2022-06-17T17:50:49.000Z,30,0,0
10.42.0.211-10.42.0.1-15131-53-17,10173,Delhi Metro,Delhi,Dwarka Sector 14,Dwarka Sector 21,2022-06-17T15:58:56.000Z,49,1,1
10.42.0.151-52.45.177.121-39496-443-6,10173,Delhi Metro,Delhi,East Azad Nagar,East Vinod Nagar,2022-06-17T12:43:26.000Z,60,0,0
203.205.158.60-10.42.0.151-80-40687-6,10173,Delhi Metro,Delhi,East Vinod Nagar,Escorts Mujesar,2022-06-17T16:54:10.000Z,49,1,1
10.42.0.1-10.42.0.42-53-49296-17,10173,Delhi Metro,Delhi,Escorts Mujesar,ESI Hospital,2022-04-29T11:23:22.000Z,45,0,0
172.217.11.46-10.42.0.151-443-45484-17,10173,Delhi Metro,Delhi,ESI Hospital,Ghevra,2022-04-07T17:08:12.000Z,54,1,1
10.42.0.211-23.23.129.231-46484-443-6,10173,Delhi Metro,Delhi,Ghevra,Ghitorni,2022-03-14T10:12:07.000Z,27,1,1
10.42.0.211-10.42.0.1-44556-53-17,10174,Delhi Metro,Delhi,Ghitorni,Gokulpuri,2021-07-29T09:50:54.000Z,37,0,0
10.42.0.211-36.248.26.152-59352-80-6,10174,BMRCL,Bangalore,Byappanahalli,Vivekananda Station,2021-07-29T08:33:17.000Z,48,1,1
140.205.164.47-10.42.0.151-443-40210-6,10174,BMRCL,Bangalore,Indiranagar,MG Road,2021-04-26T16:04:00.000Z,49,0,0
10.42.0.42-119.146.74.31-35770-443-6,10174,BMRCL,Bangalore,Lalbag,Vidhana Souda,2021-04-15T12:01:24.000Z,25,0,0
10.42.0.151-10.42.0.1-5351-51704-17,10174,BMRCL,Bangalore,Maharani College,Kempe Gowda Station,2021-03-30T11:58:59.000Z,20,1,1
172.217.11.3-10.42.0.211-443-36867-6,10174,BMRCL,Bangalore,Kempe Gowda Station,Vijayanagar Tolgate,2021-01-22T01:17:32.000Z,35,1,1
10.42.0.211-10.42.0.1-51130-53-17,10174,BMRCL,Bangalore,Vijayanagar,Attiguppe,2019-04-23T06:23:19.000Z,37,0,0
10.42.0.42-31.13.80.5-35137-443-6,10174,BMRCL,Bangalore,Halasuru,Cubbon Park,2019-04-21T19:13:12.000Z,28,1,1
10.42.0.211-106.39.162.36-54105-80-6,10174,BMRCL,Bangalore,Attiguppe,Deepanjali Nagara,2022-06-13T19:55:58.000Z,28,0,0
10.42.0.211-54.225.234.169-41889-443-6,10174,BMRCL,Bangalore,Deepanjali Nagara, Mysuru Road,2022-05-17T02:59:29.000Z,55,1,1
10.42.0.151-104.244.43.195-52419-443-6,10174,BMRCL,Bangalore, Mysuru Road,Nayandahalli,2022-05-12T22:13:06.000Z,54,0,0
216.58.219.202-10.42.0.151-443-47196-6,10174,BMRCL,Bangalore,Nayandahalli,Rajarajeshwari Nagar,2022-03-22T21:10:51.000Z,57,1,1
10.42.0.211-123.125.29.220-46081-80-6,10174,BMRCL,Bangalore,Jnanabharathi,Pattanagere,2021-11-14T22:23:03.000Z,33,0,0
182.22.24.124-10.42.0.211-443-45711-6,10174,BMRCL,Bangalore,Kengeri Bus Terminal,Kengeri,2022-06-14T09:01:15.000Z,30,0,0
10.42.0.151-23.208.31.187-37902-80-6,10174,BMRCL,Bangalore,Kempegowda Majestic,Mantri Square Sampige Road,2022-05-26T07:24:21.000Z,49,0,0
216.58.219.206-10.42.0.211-443-47650-6,10174,BMRCL,Bangalore,Srirampura,Kuvempu Road,2022-05-05T09:22:43.000Z,25,0,0
172.217.10.131-10.42.0.42-443-57232-6,10174,BMRCL,Bangalore,Rajajinagar,Mahalakshmi,2022-05-03T11:17:41.000Z,38,0,0
10.42.0.211-77.234.44.201-42226-80-6,10174,BMRCL,Bangalore,Mahalakshmi,Sandal Soap Factory,2022-03-27T03:58:14.000Z,60,1,1
10.42.0.211-10.42.0.1-52008-53-17,10174,BMRCL,Bangalore,Sandal Soap Factory,Yeshwanthpur,2022-03-02T04:49:14.000Z,59,1,1
10.42.0.211-115.239.210.141-36805-443-6,10174,BMRCL,Bangalore,Yeshwanthpur,Goraguntepalya,2022-02-14T19:16:43.000Z,52,0,0
172.217.12.163-10.42.0.151-443-59691-6,10174,BMRCL,Bangalore,Goraguntepalya,Peenya,2021-11-02T02:26:17.000Z,35,0,0
10.42.0.42-62.138.0.117-56583-80-6,10174,BMRCL,Bangalore,Peenya,Peenya Industry,2021-06-07T04:22:26.000Z,35,0,0
10.42.0.211-64.71.142.96-42050-443-6,10175,BMRCL,Bangalore,Peenya Industry,Jalahalli,2021-03-21T11:09:14.000Z,48,1,1
172.217.3.99-10.42.0.151-443-59951-6,10175,BMRCL,Bangalore,Jalahalli,Dasarahalli,2020-09-08T04:55:21.000Z,27,1,1
10.42.0.151-72.21.206.121-52527-443-6,10175,BMRCL,Bangalore,Dasarahalli,Nagasandra,2022-06-14T09:56:27.000Z,48,1,1
10.42.0.211-10.42.0.1-54129-53-17,10175,BMRCL,Bangalore,Nadaprabhu Kempegowda,Chikkapette,2022-06-02T16:56:11.000Z,45,1,1
10.42.0.211-64.71.142.95-57975-443-6,10175,BMRCL,Bangalore,Chikkapette,Krishna Rajendra Market,2022-05-25T19:01:46.000Z,33,1,1
172.217.11.14-10.42.0.151-443-42605-6,10175,BMRCL,Bangalore,Krishna Rajendra Market,National College,2022-04-23T17:15:47.524Z,59,0,0
202.77.129.185-10.42.0.151-80-51789-6,10175,BMRCL,Bangalore,Lalbagh Botanical Garden,South End Circle,2022-04-05T06:06:22.000Z,36,1,1
10.42.0.211-123.125.29.220-47526-80-6,10175,BMRCL,Bangalore,Jayanagara,Rashtreeya Vidyalaya Road,2021-12-15T10:18:47.000Z,46,0,0
10.42.0.151-104.69.158.16-43939-443-6,10175,BMRCL,Bangalore,Rashtreeya Vidyalaya Road,Banashankari,2021-11-18T16:53:41.000Z,35,0,0
10.42.0.211-10.42.0.1-54830-53-17,10175,BMRCL,Bangalore,Banashankari,Jaya Prakash Nagara,2021-10-11T15:14:57.000Z,43,0,0
10.42.0.42-37.1.204.175-55190-80-6,10175,BMRCL,Bangalore,Jaya Prakash Nagara,Yelachenahalli,2021-10-09T11:16:58.000Z,28,1,1
10.42.0.42-103.235.46.212-52716-443-6,10175,Delhi Metro,Delhi,Adarsh Nagar,AIIMS,2021-10-06T22:27:11.000Z,26,0,0
151.101.22.2-10.42.0.211-443-54896-6,10175,Delhi Metro,Delhi,AIIMS,Akshardham,2021-09-22T16:23:02.000Z,23,1,1
216.58.219.238-10.42.0.151-443-39073-6,10175,Delhi Metro,Delhi,Akshardham,Anand Vihar ISBT,2021-09-08T08:40:48.000Z,48,0,0
180.163.255.159-10.42.0.42-80-49572-6,10175,Delhi Metro,Delhi,Arjan Garh,Arthala,2021-09-01T13:00:52.000Z,49,1,1
182.22.24.124-10.42.0.211-443-55179-6,10175,Delhi Metro,Delhi,Arthala,Ashok Park Main,2021-08-19T00:36:38.000Z,41,0,0
10.42.0.211-23.46.217.99-52853-443-6,10175,Delhi Metro,Delhi,Ashok Park Main,Ashram,2021-08-16T00:06:37.000Z,28,1,1
239.255.255.250-10.42.0.1-1900-47723-17,10175,Delhi Metro,Delhi,Azadpur,Badarpur Border,2021-07-27T18:54:06.000Z,53,1,1
172.217.10.34-10.42.0.211-443-49756-6,10175,Delhi Metro,Delhi,Badarpur Border,Badkhal Mor,2021-06-22T16:10:44.000Z,28,0,0
10.42.0.42-123.125.115.164-35016-443-6,10175,Delhi Metro,Delhi,Badkhal Mor,Bahadurgarh City,2021-05-23T20:03:55.000Z,40,1,1
151.101.46.2-10.42.0.211-443-59831-6,10175,Delhi Metro,Delhi,Bahadurgarh City,Barakhambha Road,2021-05-15T22:40:15.000Z,60,0,0
172.217.12.142-10.42.0.211-443-47816-6,10175,Delhi Metro,Delhi,Barakhambha Road,Bata Chowk,2021-04-30T20:24:06.000Z,35,0,0
203.205.158.63-10.42.0.151-80-51959-6,10175,Delhi Metro,Delhi,Bata Chowk,Bhikaji Cama Place,2022-06-16T13:00:09.000Z,34,1,1
180.149.136.194-10.42.0.42-80-39302-6,10175,Delhi Metro,Delhi,Bhikaji Cama Place,Botanical Garden,2022-06-14T17:22:52.000Z,40,1,1
172.217.10.66-10.42.0.211-443-36687-6,10175,Delhi Metro,Delhi,Botanical Garden,Brigadier Hoshiyar Singh,2022-06-14T15:56:04.000Z,42,0,0
10.42.0.211-10.42.0.1-61223-53-17,10175,Delhi Metro,Delhi,Brigadier Hoshiyar Singh,Central Secretariat,2022-06-13T11:09:34.000Z,22,1,1
10.42.0.151-10.42.0.1-54723-53-17,10175,Delhi Metro,Delhi,Central Secretariat,Chandni Chowk,2022-06-10T17:07:37.000Z,35,0,0
203.130.53.126-10.42.0.211-80-45899-6,10176,Delhi Metro,Delhi,Chandni Chowk,Chawri Bazar,2022-06-09T17:33:10.000Z,49,1,1
10.42.0.151-58.220.11.230-51566-80-6,10176,Delhi Metro,Delhi,Chawri Bazar,Chhatarpur,2022-06-09T15:46:14.000Z,30,0,0
10.42.0.151-10.42.0.1-27488-53-17,10176,Delhi Metro,Delhi,Chhatarpur,Chirag Delhi,2022-06-08T10:50:34.000Z,21,1,1
172.217.6.238-10.42.0.42-443-60517-6,10176,Delhi Metro,Delhi,Chirag Delhi,Civil Lines,2022-06-07T13:58:47.000Z,58,0,0
10.42.0.211-103.235.46.211-49083-443-6,10176,Delhi Metro,Delhi,Civil Lines,Dabri Mor-Janakpuri South,2022-06-07T13:15:22.000Z,59,0,0
209.85.144.188-10.42.0.151-5228-54256-6,10176,Delhi Metro,Delhi,Dabri Mor-Janakpuri South,Dashrath Puri,2022-06-06T17:39:51.000Z,48,0,0
172.217.3.106-10.42.0.211-443-46759-6,10176,Delhi Metro,Delhi,Dashrath Puri,Delhi Aerocity,2022-06-06T13:27:23.000Z,32,0,0
10.42.0.211-115.239.210.141-40483-443-6,10176,Delhi Metro,Delhi,Delhi Aerocity,Delhi Cantonment,2022-06-01T20:06:47.000Z,31,0,0
172.217.7.163-10.42.0.151-443-45057-6,10176,Delhi Metro,Delhi,Delhi Cantonment,Delhi Gate,2022-06-01T19:19:20.000Z,47,1,1
216.58.219.234-10.42.0.151-443-53669-6,10176,Delhi Metro,Delhi,Delhi Gate,Dhaula Kuan,2022-06-01T19:16:21.000Z,23,1,1
157.240.2.36-10.42.0.211-443-37134-6,10176,Delhi Metro,Delhi,Dhaula Kuan,Dilshad Garden,2022-06-01T18:44:17.000Z,36,0,0
172.217.11.2-10.42.0.211-443-60545-6,10176,Delhi Metro,Delhi,Dilshad Garden,Durgabai Deshmukh South Campus,2022-06-01T14:38:57.000Z,48,0,0
10.42.0.151-31.13.80.52-48171-80-6,10176,Delhi Metro,Delhi,Durgabai Deshmukh South Campus,Dwarka,2022-06-01T13:47:48.000Z,18,0,0
172.217.12.173-10.42.0.151-443-35084-6,10176,Delhi Metro,Delhi,Dwarka,Dwarka Mor,2022-06-01T12:18:21.000Z,23,1,1
10.42.0.42-37.1.204.175-58719-80-6,10176,Delhi Metro,Delhi,Dwarka Mor,Dwarka Sector 8,2022-06-01T10:04:10.000Z,20,1,1
162.208.20.184-10.42.0.211-443-47645-6,10176,Delhi Metro,Delhi,Dwarka Sector 8,Dwarka Sector 9,2022-06-17T15:13:58.000Z,31,1,1
151.101.21.140-10.42.0.211-443-56706-6,10176,Delhi Metro,Delhi,Dwarka Sector 9,Dwarka Sector 10,2022-06-17T14:51:12.000Z,35,1,1
10.42.0.151-104.254.66.16-34621-80-6,10176,Delhi Metro,Delhi,Dwarka Sector 10,Dwarka Sector 11,2022-06-15T02:40:26.000Z,49,1,1
10.42.0.211-121.12.98.64-40888-80-6,10176,Delhi Metro,Delhi,Dwarka Sector 11,Dwarka Sector 12,2022-06-06T13:24:45.000Z,45,0,0
180.149.134.221-10.42.0.42-80-48138-6,10176,Delhi Metro,Delhi,Dwarka Sector 12,Dwarka Sector 13,2022-06-04T19:58:43.000Z,30,1,1
180.76.148.209-10.42.0.211-80-38696-6,10176,Delhi Metro,Delhi,Dwarka Sector 13,Dwarka Sector 14,2022-05-30T15:06:34.000Z,52,0,0
10.42.0.211-106.11.95.7-58235-443-6,10176,Delhi Metro,Delhi,Dwarka Sector 14,Dwarka Sector 21,2022-05-22T15:00:06.000Z,44,0,0
172.217.11.14-10.42.0.211-443-35313-6,10176,Delhi Metro,Delhi,East Azad Nagar,East Vinod Nagar,2022-05-11T11:21:27.000Z,31,0,0
180.149.136.194-10.42.0.42-443-42076-6,10176,Delhi Metro,Delhi,East Vinod Nagar,Escorts Mujesar,2022-04-29T10:37:49.000Z,25,1,1
172.217.7.164-10.42.0.211-443-51493-6,10176,Delhi Metro,Delhi,Escorts Mujesar,ESI Hospital,2022-04-28T13:07:00.978Z,34,0,0
172.217.7.196-10.42.0.42-443-49005-6,10176,Delhi Metro,Delhi,ESI Hospital,Ghevra,2022-04-26T19:06:09.982Z,33,1,1
10.42.0.151-23.208.86.153-54135-80-6,10176,Delhi Metro,Delhi,Ghevra,Ghitorni,2022-04-25T11:07:49.990Z,32,0,0
10.42.0.211-64.71.142.124-35239-80-6,10176,Delhi Metro,Delhi,Ghitorni,Gokulpuri,2022-04-24T09:17:10.058Z,18,1,1
10.42.0.211-104.244.43.131-54624-443-6,10176,BMRCL,Bangalore,Byappanahalli,Vivekananda Station,2022-04-22T17:33:38.410Z,28,0,0
217.69.133.148-10.42.0.211-443-51369-6,10176,BMRCL,Bangalore,Indiranagar,MG Road,2022-04-06T07:17:00.000Z,42,1,1
180.149.134.221-10.42.0.211-80-48422-6,10177,BMRCL,Bangalore,Lalbag,Vidhana Souda,2022-04-04T12:40:18.000Z,36,1,1
172.217.6.206-10.42.0.151-443-50502-6,10177,BMRCL,Bangalore,Maharani College,Kempe Gowda Station,2022-03-28T17:02:10.000Z,46,0,0
10.42.0.211-69.147.82.60-42842-443-6,10177,BMRCL,Bangalore,Kempe Gowda Station,Vijayanagar Tolgate,2022-03-17T09:22:17.000Z,46,1,1
172.217.11.42-10.42.0.42-443-54500-6,10177,BMRCL,Bangalore,Vijayanagar,Attiguppe,2022-03-14T16:42:41.000Z,38,0,0
216.58.219.238-10.42.0.211-443-43953-6,10177,BMRCL,Bangalore,Halasuru,Cubbon Park,2022-03-11T15:33:10.000Z,53,0,0
10.42.0.151-119.167.164.21-52808-80-6,10177,BMRCL,Bangalore,Attiguppe,Deepanjali Nagara,2022-06-14T14:34:56.000Z,35,1,1
172.217.10.78-10.42.0.211-80-35394-6,10177,BMRCL,Bangalore,Deepanjali Nagara, Mysuru Road,2022-05-30T14:36:33.000Z,48,1,1
209.10.120.26-10.42.0.211-80-46992-6,10177,BMRCL,Bangalore, Mysuru Road,Nayandahalli,2022-05-27T10:03:37.000Z,49,0,0
10.42.0.211-112.80.248.220-43166-443-6,10177,BMRCL,Bangalore,Nayandahalli,Rajarajeshwari Nagar,2022-03-20T08:26:38.000Z,46,1,1
10.42.0.151-10.42.0.1-47290-53-17,10177,BMRCL,Bangalore,Jnanabharathi,Pattanagere,2022-03-14T08:00:22.000Z,48,0,0
172.217.12.129-10.42.0.211-443-35766-6,10177,BMRCL,Bangalore,Kengeri Bus Terminal,Kengeri,2022-03-10T19:48:06.000Z,44,1,1
209.10.120.26-10.42.0.211-80-46097-6,10177,BMRCL,Bangalore,Kempegowda Majestic,Mantri Square Sampige Road,2022-03-01T09:52:17.000Z,43,0,0
10.42.0.211-10.42.0.1-39936-53-17,10177,BMRCL,Bangalore,Srirampura,Kuvempu Road,2022-02-15T12:18:43.000Z,24,1,1
10.42.0.151-23.15.4.11-37921-80-6,10177,BMRCL,Bangalore,Rajajinagar,Mahalakshmi,2022-02-10T12:21:39.000Z,37,0,0
10.42.0.211-104.68.227.87-59091-443-6,10177,BMRCL,Bangalore,Mahalakshmi,Sandal Soap Factory,2022-02-09T09:16:46.000Z,23,0,0
10.42.0.211-10.42.0.1-63692-53-17,10177,BMRCL,Bangalore,Sandal Soap Factory,Yeshwanthpur,2022-01-10T06:01:00.000Z,26,0,0
172.217.12.142-10.42.0.211-443-32807-6,10177,BMRCL,Bangalore,Yeshwanthpur,Goraguntepalya,2021-12-13T12:30:06.000Z,49,0,0
172.217.7.131-10.42.0.151-80-37914-6,10177,BMRCL,Bangalore,Goraguntepalya,Peenya,2021-12-03T22:48:08.000Z,47,0,0
140.205.134.25-10.42.0.211-443-42129-6,10177,BMRCL,Bangalore,Peenya,Peenya Industry,2021-11-30T14:27:02.000Z,25,1,1
172.217.12.165-10.42.0.151-443-43297-6,10177,BMRCL,Bangalore,Peenya Industry,Jalahalli,2021-09-29T09:30:12.000Z,59,1,1
10.42.0.211-64.71.142.96-53275-443-6,10177,BMRCL,Bangalore,Jalahalli,Dasarahalli,2021-09-20T05:38:06.000Z,48,0,0
10.42.0.211-77.234.44.41-47862-80-6,10178,BMRCL,Bangalore,Dasarahalli,Nagasandra,2021-09-19T10:30:54.000Z,34,0,0
172.217.12.206-10.42.0.42-443-48745-6,10178,BMRCL,Bangalore,Nadaprabhu Kempegowda,Chikkapette,2021-07-10T07:31:23.000Z,25,0,0
172.217.12.161-10.42.0.42-443-50131-6,10178,BMRCL,Bangalore,Chikkapette,Krishna Rajendra Market,2021-07-04T12:50:08.000Z,27,1,1
172.217.10.110-10.42.0.42-80-35079-6,10178,BMRCL,Bangalore,Krishna Rajendra Market,National College,2021-06-26T07:27:23.000Z,30,1,1
10.42.0.211-123.125.29.220-58305-80-6,10178,BMRCL,Bangalore,Lalbagh Botanical Garden,South End Circle,2022-06-14T09:36:35.000Z,35,1,1
172.217.3.106-10.42.0.211-443-48415-6,10178,BMRCL,Bangalore,Jayanagara,Rashtreeya Vidyalaya Road,2022-05-10T21:14:56.000Z,37,1,1
198.11.188.78-10.42.0.42-443-44999-6,10178,BMRCL,Bangalore,Rashtreeya Vidyalaya Road,Banashankari,2022-02-24T15:51:27.000Z,35,1,1
10.42.0.42-125.39.83.108-40522-443-6,10178,BMRCL,Bangalore,Banashankari,Jaya Prakash Nagara,2022-02-07T10:57:20.000Z,49,0,0
10.42.0.211-31.13.69.228-59423-443-6,10178,BMRCL,Bangalore,Jaya Prakash Nagara,Yelachenahalli,2021-10-13T19:00:23.000Z,25,1,1
137.116.195.37-10.42.0.211-443-35041-6,10178,Delhi Metro,Delhi,Adarsh Nagar,AIIMS,2022-06-14T09:27:27.000Z,21,0,0
10.42.0.42-47.88.66.107-38561-80-6,10178,Delhi Metro,Delhi,AIIMS,Akshardham,2022-06-04T18:43:39.000Z,37,0,0
172.217.3.104-10.42.0.211-443-55019-6,10178,Delhi Metro,Delhi,Akshardham,Anand Vihar ISBT,2022-05-29T13:10:39.000Z,57,0,0
10.42.0.151-10.42.0.1-52891-53-17,10178,Delhi Metro,Delhi,Arjan Garh,Arthala,2022-04-12T07:48:38.000Z,32,1,1
172.217.12.142-10.42.0.151-443-55510-6,10178,Delhi Metro,Delhi,Arthala,Ashok Park Main,2022-03-17T06:27:56.000Z,25,0,0
10.42.0.211-106.11.92.6-39287-443-6,10178,Delhi Metro,Delhi,Ashok Park Main,Ashram,2021-12-14T12:33:33.000Z,40,1,1
10.42.0.211-104.244.42.130-59279-443-6,10178,Delhi Metro,Delhi,Azadpur,Badarpur Border,2021-12-10T21:26:02.000Z,30,0,0
10.42.0.211-98.139.199.205-38822-443-6,10178,Delhi Metro,Delhi,Badarpur Border,Badkhal Mor,2021-03-13T13:28:41.000Z,31,1,1
172.217.12.131-10.42.0.42-443-48843-6,10178,Delhi Metro,Delhi,Badkhal Mor,Bahadurgarh City,2021-02-04T15:00:20.000Z,37,0,0
206.126.112.142-10.42.0.42-443-60556-6,10178,Delhi Metro,Delhi,Bahadurgarh City,Barakhambha Road,2020-01-28T12:57:19.000Z,26,1,1
172.217.12.174-10.42.0.151-443-51646-6,10178,Delhi Metro,Delhi,Barakhambha Road,Bata Chowk,2019-10-01T09:15:26.000Z,41,1,1
10.42.0.211-103.43.91.20-36514-443-6,10178,Delhi Metro,Delhi,Bata Chowk,Bhikaji Cama Place,2017-09-13T18:57:49.000Z,46,0,0
182.22.120.252-10.42.0.42-443-60218-6,10178,Delhi Metro,Delhi,Bhikaji Cama Place,Botanical Garden,2017-07-31T06:03:14.000Z,32,1,1
10.42.0.151-72.21.206.135-48771-443-6,10178,Delhi Metro,Delhi,Botanical Garden,Brigadier Hoshiyar Singh,2022-06-17T12:43:59.000Z,34,0,0
10.42.0.151-121.12.98.78-40031-80-6,10178,Delhi Metro,Delhi,Brigadier Hoshiyar Singh,Central Secretariat,2022-06-15T05:53:07.000Z,44,0,0
10.42.0.211-10.42.0.1-42476-53-17,10178,Delhi Metro,Delhi,Central Secretariat,Chandni Chowk,2022-06-14T17:41:47.000Z,46,1,1
172.217.3.100-10.42.0.151-443-46419-6,10178,Delhi Metro,Delhi,Chandni Chowk,Chawri Bazar,2022-06-11T09:48:02.000Z,41,1,1
10.42.0.211-10.42.0.1-35864-53-17,10179,Delhi Metro,Delhi,Chawri Bazar,Chhatarpur,2022-06-07T19:13:37.000Z,32,0,0
180.149.136.194-10.42.0.211-80-48637-6,10179,Delhi Metro,Delhi,Chhatarpur,Chirag Delhi,2022-06-07T18:00:25.000Z,43,1,1
172.217.12.206-10.42.0.151-80-43217-6,10179,Delhi Metro,Delhi,Chirag Delhi,Civil Lines,2022-06-01T10:18:43.000Z,37,0,0
198.11.188.75-10.42.0.211-443-48346-6,10179,Delhi Metro,Delhi,Civil Lines,Dabri Mor-Janakpuri South,2022-05-26T00:14:28.000Z,21,1,1
10.42.0.42-104.193.88.109-45269-80-6,10179,Delhi Metro,Delhi,Dabri Mor-Janakpuri South,Dashrath Puri,2022-05-25T18:27:06.000Z,45,0,0
10.42.0.1-10.42.0.42-53-40248-17,10179,Delhi Metro,Delhi,Dashrath Puri,Delhi Aerocity,2022-05-24T19:08:14.000Z,36,1,1
10.42.0.151-10.42.0.1-55695-53-17,10179,Delhi Metro,Delhi,Delhi Aerocity,Delhi Cantonment,2022-05-24T16:53:05.000Z,44,0,0
172.217.6.234-10.42.0.211-443-36562-6,10179,Delhi Metro,Delhi,Delhi Cantonment,Delhi Gate,2022-05-16T13:28:32.000Z,35,0,0
172.217.8.3-10.42.0.42-443-33998-6,10179,Delhi Metro,Delhi,Delhi Gate,Dhaula Kuan,2022-05-10T12:15:35.000Z,51,0,0
172.217.10.78-10.42.0.211-443-37409-6,10179,Delhi Metro,Delhi,Dhaula Kuan,Dilshad Garden,2022-04-30T17:32:00.000Z,47,0,0
10.42.0.1-10.42.0.42-53-9044-17,10179,Delhi Metro,Delhi,Dilshad Garden,Durgabai Deshmukh South Campus,2022-04-30T03:43:27.000Z,26,0,0
10.42.0.1-10.42.0.42-53-52504-17,10179,Delhi Metro,Delhi,Durgabai Deshmukh South Campus,Dwarka,2022-04-29T10:28:58.000Z,50,1,1
151.101.1.140-10.42.0.151-443-60707-6,10179,Delhi Metro,Delhi,Dwarka,Dwarka Mor,2022-04-29T10:21:14.000Z,43,1,1
172.217.10.46-10.42.0.151-443-60225-6,10179,Delhi Metro,Delhi,Dwarka Mor,Dwarka Sector 8,2022-04-25T18:07:59.000Z,55,0,0
10.42.0.42-64.71.142.110-59936-443-6,10179,Delhi Metro,Delhi,Dwarka Sector 8,Dwarka Sector 9,2022-04-22T11:52:16.000Z,26,0,0
203.205.158.60-10.42.0.151-80-39577-6,10179,Delhi Metro,Delhi,Dwarka Sector 9,Dwarka Sector 10,2022-04-22T10:33:39.000Z,60,0,0
203.205.179.172-10.42.0.42-80-59306-6,10179,Delhi Metro,Delhi,Dwarka Sector 10,Dwarka Sector 11,2022-06-15T20:56:23.000Z,31,1,1
172.217.12.163-10.42.0.151-443-40517-6,10179,Delhi Metro,Delhi,Dwarka Sector 11,Dwarka Sector 12,2022-06-05T11:38:45.000Z,18,1,1
10.42.0.151-121.12.98.64-59124-80-6,10179,Delhi Metro,Delhi,Dwarka Sector 12,Dwarka Sector 13,2022-05-30T23:46:57.000Z,47,1,1
192.229.173.173-10.42.0.151-80-57988-6,10179,Delhi Metro,Delhi,Dwarka Sector 13,Dwarka Sector 14,2022-05-23T16:22:36.000Z,26,1,1
10.42.0.211-104.97.95.172-41376-80-6,10180,Delhi Metro,Delhi,Dwarka Sector 14,Dwarka Sector 21,2022-05-20T00:39:15.000Z,22,1,1
222.73.28.96-10.42.0.42-80-55922-6,10180,Delhi Metro,Delhi,East Azad Nagar,East Vinod Nagar,2022-05-01T19:31:32.000Z,32,0,0
10.42.0.42-115.239.210.141-54139-80-6,10180,Delhi Metro,Delhi,East Vinod Nagar,Escorts Mujesar,2022-04-26T00:19:06.926Z,43,1,1
172.217.17.67-10.42.0.151-443-39395-6,10180,Delhi Metro,Delhi,Escorts Mujesar,ESI Hospital,2022-04-25T18:11:45.937Z,46,0,0
206.126.112.142-10.42.0.151-443-49617-6,10180,Delhi Metro,Delhi,ESI Hospital,Ghevra,2022-04-24T22:34:28.609Z,56,0,0
172.217.12.170-10.42.0.211-443-39399-6,10180,Delhi Metro,Delhi,Ghevra,Ghitorni,2022-04-13T17:42:34.000Z,45,0,0
10.42.0.1-10.42.0.42-53-32174-17,10180,Delhi Metro,Delhi,Ghitorni,Gokulpuri,2022-03-27T20:52:17.000Z,42,1,1
172.217.12.174-10.42.0.151-443-35353-6,10180,BMRCL,Bangalore,Byappanahalli,Vivekananda Station,2022-03-21T17:15:12.000Z,48,0,0
10.42.0.151-106.11.94.6-33610-443-6,10180,BMRCL,Bangalore,Indiranagar,MG Road,2022-03-21T16:11:27.000Z,29,1,1
203.205.158.53-10.42.0.211-80-39928-6,10180,BMRCL,Bangalore,Lalbag,Vidhana Souda,2022-01-26T05:28:49.000Z,44,0,0
10.42.0.211-47.93.77.90-50692-80-6,10180,BMRCL,Bangalore,Maharani College,Kempe Gowda Station,2022-01-10T15:30:30.000Z,19,1,1
202.77.129.150-10.42.0.42-80-60116-6,10180,BMRCL,Bangalore,Kempe Gowda Station,Vijayanagar Tolgate,2022-01-10T11:57:49.000Z,50,0,0
172.217.11.10-10.42.0.211-443-53060-6,10180,BMRCL,Bangalore,Vijayanagar,Attiguppe,2021-11-21T21:19:24.000Z,46,1,1
10.42.0.211-10.42.0.1-32159-53-17,10180,BMRCL,Bangalore,Halasuru,Cubbon Park,2021-10-02T09:26:12.000Z,33,1,1
156.154.200.36-10.42.0.151-443-36907-6,10180,BMRCL,Bangalore,Attiguppe,Deepanjali Nagara,2021-09-30T09:17:22.000Z,56,0,0
192.229.163.180-10.42.0.42-443-35310-6,10180,BMRCL,Bangalore,Deepanjali Nagara, Mysuru Road,2021-09-14T09:00:28.000Z,38,1,1
172.217.12.142-10.42.0.211-443-48207-6,10180,BMRCL,Bangalore, Mysuru Road,Nayandahalli,2022-06-16T16:56:30.000Z,33,0,0
219.142.78.162-10.42.0.151-80-54645-6,10180,BMRCL,Bangalore,Nayandahalli,Rajarajeshwari Nagar,2022-06-10T17:44:49.000Z,55,0,0
172.217.11.42-10.42.0.42-443-35388-6,10180,BMRCL,Bangalore,Jnanabharathi,Pattanagere,2022-05-27T16:25:22.000Z,43,1,1
10.42.0.1-10.42.0.42-53-4886-17,10180,BMRCL,Bangalore,Kengeri Bus Terminal,Kengeri,2022-05-12T10:46:38.000Z,46,1,1
10.42.0.151-119.146.74.33-38813-443-6,10180,BMRCL,Bangalore,Kempegowda Majestic,Mantri Square Sampige Road,2022-05-09T16:24:23.000Z,47,0,0
172.217.6.238-10.42.0.151-443-55193-6,10180,BMRCL,Bangalore,Srirampura,Kuvempu Road,2022-05-09T15:47:13.000Z,60,1,1
172.217.10.14-10.42.0.42-443-45496-6,10180,BMRCL,Bangalore,Rajajinagar,Mahalakshmi,2022-04-25T17:48:26.965Z,31,0,0
172.217.6.206-10.42.0.151-443-45300-6,10180,BMRCL,Bangalore,Mahalakshmi,Sandal Soap Factory,2022-04-15T12:21:04.000Z,28,1,1
10.42.0.151-111.221.77.175-43477-40021-17,10180,BMRCL,Bangalore,Sandal Soap Factory,Yeshwanthpur,2022-04-07T13:05:14.000Z,39,0,0
172.217.6.202-10.42.0.42-443-39788-6,10180,BMRCL,Bangalore,Yeshwanthpur,Goraguntepalya,2022-04-07T02:50:27.000Z,48,1,1
202.77.129.150-10.42.0.42-80-36071-6,10180,BMRCL,Bangalore,Goraguntepalya,Peenya,2022-03-24T13:52:00.000Z,38,0,0
10.42.0.211-10.42.0.1-10604-53-17,10180,BMRCL,Bangalore,Peenya,Peenya Industry,2022-03-04T14:38:29.000Z,40,0,0
162.208.22.39-10.42.0.211-443-45089-6,10180,BMRCL,Bangalore,Peenya Industry,Jalahalli,2022-03-01T19:41:22.000Z,31,0,0
10.42.0.211-50.18.174.184-56966-443-6,10180,BMRCL,Bangalore,Jalahalli,Dasarahalli,2022-03-01T14:42:46.000Z,25,0,0
172.217.10.78-10.42.0.42-443-43766-6,10181,BMRCL,Bangalore,Dasarahalli,Nagasandra,2022-02-27T17:22:46.000Z,46,0,0
10.42.0.151-10.42.0.1-28469-53-17,10181,BMRCL,Bangalore,Nadaprabhu Kempegowda,Chikkapette,2022-02-27T16:58:05.000Z,29,1,1
222.73.28.96-10.42.0.211-80-55826-6,10181,BMRCL,Bangalore,Chikkapette,Krishna Rajendra Market,2022-02-27T16:57:59.000Z,27,1,1
172.217.10.131-10.42.0.151-443-35087-6,10181,BMRCL,Bangalore,Krishna Rajendra Market,National College,2022-02-24T13:10:00.000Z,40,0,0
10.42.0.211-10.42.0.1-14717-53-17,10181,BMRCL,Bangalore,Lalbagh Botanical Garden,South End Circle,2021-06-11T18:52:59.000Z,25,0,0
10.42.0.151-95.213.11.181-34392-80-6,10181,BMRCL,Bangalore,Jayanagara,Rashtreeya Vidyalaya Road,2021-06-11T18:51:19.000Z,35,0,0
10.42.0.151-104.244.42.65-52530-443-6,10181,BMRCL,Bangalore,Rashtreeya Vidyalaya Road,Banashankari,2022-06-16T22:15:42.000Z,35,1,1
172.217.3.106-10.42.0.151-443-60875-6,10181,BMRCL,Bangalore,Banashankari,Jaya Prakash Nagara,2022-06-16T20:15:14.000Z,24,1,1
182.22.24.124-10.42.0.211-443-55171-6,10181,BMRCL,Bangalore,Jaya Prakash Nagara,Yelachenahalli,2022-06-12T23:31:52.000Z,19,1,1
172.217.12.163-10.42.0.151-443-60062-6,10181,Delhi Metro,Delhi,Adarsh Nagar,AIIMS,2022-06-10T00:46:33.000Z,39,1,1
172.217.3.99-10.42.0.211-443-60441-6,10181,Delhi Metro,Delhi,AIIMS,Akshardham,2022-06-06T19:54:10.000Z,31,1,1
10.42.0.211-66.231.239.120-48294-443-6,10181,Delhi Metro,Delhi,Akshardham,Anand Vihar ISBT,2022-06-02T20:28:35.000Z,55,0,0
183.79.1.53-10.42.0.42-443-52430-6,10181,Delhi Metro,Delhi,Arjan Garh,Arthala,2022-06-01T23:11:34.000Z,33,1,1
10.42.0.151-40.122.162.208-49243-443-6,10181,Delhi Metro,Delhi,Arthala,Ashok Park Main,2022-05-28T00:40:08.000Z,34,0,0
216.58.219.202-10.42.0.151-443-48629-6,10181,Delhi Metro,Delhi,Ashok Park Main,Ashram,2022-05-27T05:50:18.000Z,32,0,0
174.35.73.78-10.42.0.211-443-34483-6,10181,Delhi Metro,Delhi,Azadpur,Badarpur Border,2022-05-25T20:28:35.000Z,38,0,0
10.42.0.42-104.97.95.172-57305-80-6,10181,Delhi Metro,Delhi,Badarpur Border,Badkhal Mor,2022-05-24T21:59:38.000Z,46,1,1
172.217.10.106-10.42.0.211-443-39148-6,10181,Delhi Metro,Delhi,Badkhal Mor,Bahadurgarh City,2022-05-19T20:24:38.000Z,57,0,0
172.217.11.10-10.42.0.151-443-54165-6,10181,Delhi Metro,Delhi,Bahadurgarh City,Barakhambha Road,2022-05-19T02:17:42.000Z,57,1,1
172.217.6.206-10.42.0.151-443-34895-6,10181,Delhi Metro,Delhi,Barakhambha Road,Bata Chowk,2022-05-18T13:03:55.000Z,23,0,0
172.217.3.110-10.42.0.211-80-44128-6,10181,Delhi Metro,Delhi,Bata Chowk,Bhikaji Cama Place,2022-05-17T07:10:52.000Z,20,1,1
192.229.173.136-10.42.0.151-443-38990-6,10182,Delhi Metro,Delhi,Bhikaji Cama Place,Botanical Garden,2022-05-16T03:05:22.000Z,19,0,0
202.77.129.161-10.42.0.42-80-40937-6,10182,Delhi Metro,Delhi,Botanical Garden,Brigadier Hoshiyar Singh,2022-05-09T11:20:43.000Z,44,1,1
10.42.0.211-13.107.254.128-43499-443-6,10182,Delhi Metro,Delhi,Brigadier Hoshiyar Singh,Central Secretariat,2022-05-05T15:15:51.000Z,52,1,1
172.217.10.78-10.42.0.151-443-49821-6,10182,Delhi Metro,Delhi,Central Secretariat,Chandni Chowk,2022-05-05T12:05:56.000Z,32,0,0
174.35.73.136-10.42.0.211-80-54323-6,10182,Delhi Metro,Delhi,Chandni Chowk,Chawri Bazar,2022-05-02T19:18:53.000Z,41,1,1
10.42.0.1-10.42.0.42-53-48806-17,10182,Delhi Metro,Delhi,Chawri Bazar,Chhatarpur,2022-06-10T21:59:18.000Z,49,0,0
10.42.0.211-10.42.0.1-60325-53-17,10182,Delhi Metro,Delhi,Chhatarpur,Chirag Delhi,2022-06-10T16:06:56.000Z,25,0,0
205.185.216.10-10.42.0.42-80-38543-6,10182,Delhi Metro,Delhi,Chirag Delhi,Civil Lines,2022-06-10T14:02:58.000Z,31,1,1
10.42.0.211-64.71.142.120-33205-443-6,10182,Delhi Metro,Delhi,Civil Lines,Dabri Mor-Janakpuri South,2022-06-10T00:43:36.000Z,32,1,1
172.217.10.10-10.42.0.211-443-60668-6,10182,Delhi Metro,Delhi,Dabri Mor-Janakpuri South,Dashrath Puri,2022-06-03T14:48:56.000Z,54,0,0
172.217.12.170-10.42.0.42-443-44850-6,10182,Delhi Metro,Delhi,Dashrath Puri,Delhi Aerocity,2022-06-03T12:49:32.000Z,44,1,1
205.204.101.196-10.42.0.211-443-45368-6,10182,Delhi Metro,Delhi,Delhi Aerocity,Delhi Cantonment,2022-06-03T03:27:35.000Z,40,0,0
10.42.0.211-52.84.37.172-33673-443-6,10182,Delhi Metro,Delhi,Delhi Cantonment,Delhi Gate,2022-06-03T02:53:37.000Z,58,1,1
169.47.5.241-10.42.0.42-5222-38802-6,10182,Delhi Metro,Delhi,Delhi Gate,Dhaula Kuan,2022-06-03T01:16:05.000Z,32,0,0
151.101.1.140-10.42.0.151-443-56906-6,10182,Delhi Metro,Delhi,Dhaula Kuan,Dilshad Garden,2022-06-03T00:52:24.000Z,29,1,1
203.205.158.61-10.42.0.211-80-56068-6,10182,Delhi Metro,Delhi,Dilshad Garden,Durgabai Deshmukh South Campus,2022-06-03T00:27:53.000Z,30,0,0
10.42.0.151-31.13.71.37-47590-443-6,10182,Delhi Metro,Delhi,Durgabai Deshmukh South Campus,Dwarka,2022-06-03T00:25:00.000Z,41,0,0
10.42.0.211-104.97.95.172-36422-80-6,10182,Delhi Metro,Delhi,Dwarka,Dwarka Mor,2022-06-03T00:10:00.000Z,27,0,0
208.185.50.65-10.42.0.211-443-40195-6,10182,Delhi Metro,Delhi,Dwarka Mor,Dwarka Sector 8,2020-06-09T14:45:56.000Z,29,0,0
10.42.0.211-52.84.143.156-35173-443-6,10182,Delhi Metro,Delhi,Dwarka Sector 8,Dwarka Sector 9,2020-06-07T02:00:47.000Z,27,0,0
162.208.22.39-10.42.0.211-443-60385-6,10182,Delhi Metro,Delhi,Dwarka Sector 9,Dwarka Sector 10,2020-06-05T20:50:42.000Z,57,1,1
10.42.0.211-69.147.82.215-35050-443-6,10182,Delhi Metro,Delhi,Dwarka Sector 10,Dwarka Sector 11,2020-06-05T20:45:47.000Z,43,1,1
172.217.11.10-10.42.0.151-443-40154-6,10182,Delhi Metro,Delhi,Dwarka Sector 11,Dwarka Sector 12,2020-06-05T20:38:11.000Z,55,0,0
202.77.129.150-10.42.0.151-443-37865-6,10182,Delhi Metro,Delhi,Dwarka Sector 12,Dwarka Sector 13,2020-06-05T19:42:27.000Z,47,0,0
175.100.207.233-10.42.0.151-443-41404-6,10182,Delhi Metro,Delhi,Dwarka Sector 13,Dwarka Sector 14,2020-06-05T19:24:30.000Z,23,0,0
172.217.12.170-10.42.0.42-443-52686-6,10183,Delhi Metro,Delhi,Dwarka Sector 14,Dwarka Sector 21,2022-06-14T08:49:31.000Z,20,1,1
10.42.0.151-104.244.43.195-40149-443-6,10183,Delhi Metro,Delhi,East Azad Nagar,East Vinod Nagar,2022-06-04T17:48:27.000Z,43,1,1
216.58.219.206-10.42.0.42-443-46730-6,10183,Delhi Metro,Delhi,East Vinod Nagar,Escorts Mujesar,2022-05-20T00:02:56.000Z,31,1,1
192.229.173.173-10.42.0.42-443-55322-6,10183,Delhi Metro,Delhi,Escorts Mujesar,ESI Hospital,2022-05-17T20:01:21.000Z,57,1,1
172.217.12.206-10.42.0.151-443-58146-6,10183,Delhi Metro,Delhi,ESI Hospital,Ghevra,2022-04-01T05:56:41.000Z,54,1,1
10.42.0.211-64.71.142.95-52797-443-6,10183,Delhi Metro,Delhi,Ghevra,Ghitorni,2022-03-14T17:26:37.000Z,25,0,0
172.217.11.1-10.42.0.211-443-41543-6,10183,Delhi Metro,Delhi,Ghitorni,Gokulpuri,2022-03-14T11:43:12.000Z,26,1,1
183.232.118.20-10.42.0.211-80-60096-6,10183,BMRCL,Bangalore,Byappanahalli,Vivekananda Station,2022-03-07T11:06:18.000Z,38,0,0
172.217.11.46-10.42.0.151-443-39820-6,10183,BMRCL,Bangalore,Indiranagar,MG Road,2022-03-07T01:53:36.000Z,43,0,0
131.253.61.80-10.42.0.211-443-55575-6,10183,BMRCL,Bangalore,Lalbag,Vidhana Souda,2022-03-06T06:56:26.000Z,20,0,0
192.229.173.173-10.42.0.42-80-38026-6,10183,BMRCL,Bangalore,Maharani College,Kempe Gowda Station,2022-02-28T02:32:42.000Z,22,1,1
10.42.0.211-14.204.144.142-38329-80-6,10183,BMRCL,Bangalore,Kempe Gowda Station,Vijayanagar Tolgate,2022-02-23T11:02:45.000Z,23,0,0
10.42.0.42-38.69.238.10-36805-80-6,10183,BMRCL,Bangalore,Vijayanagar,Attiguppe,2022-02-21T09:06:04.000Z,41,1,1
172.217.6.195-10.42.0.151-443-33720-6,10183,BMRCL,Bangalore,Halasuru,Cubbon Park,2022-02-15T10:10:11.000Z,28,0,0
10.42.0.211-95.213.11.181-44695-80-6,10183,BMRCL,Bangalore,Attiguppe,Deepanjali Nagara,2022-02-13T03:19:01.000Z,37,1,1
216.58.219.225-10.42.0.42-443-34545-6,10183,BMRCL,Bangalore,Deepanjali Nagara, Mysuru Road,2022-02-06T14:13:44.000Z,58,0,0
10.42.0.42-64.71.142.95-33730-80-6,10183,BMRCL,Bangalore, Mysuru Road,Nayandahalli,2022-02-04T15:58:21.000Z,51,1,1
216.58.218.227-10.42.0.42-80-56287-6,10183,BMRCL,Bangalore,Nayandahalli,Rajarajeshwari Nagar,2022-01-30T15:06:49.000Z,27,1,1
172.217.10.227-10.42.0.151-80-58209-6,10183,BMRCL,Bangalore,Jnanabharathi,Pattanagere,2022-01-29T16:50:43.000Z,46,0,0
172.217.12.170-10.42.0.211-443-49861-6,10183,BMRCL,Bangalore,Kengeri Bus Terminal,Kengeri,2022-01-26T10:55:09.000Z,25,1,1
10.42.0.211-10.42.0.1-49660-53-17,10183,BMRCL,Bangalore,Kempegowda Majestic,Mantri Square Sampige Road,2022-06-16T20:24:52.000Z,46,0,0
10.42.0.211-77.234.44.200-35994-80-6,10183,BMRCL,Bangalore,Srirampura,Kuvempu Road,2021-02-28T12:05:44.000Z,40,0,0
172.217.12.170-10.42.0.151-443-49399-6,10183,BMRCL,Bangalore,Rajajinagar,Mahalakshmi,2021-02-17T18:40:08.000Z,35,1,1
192.229.173.173-10.42.0.211-443-56536-6,10183,BMRCL,Bangalore,Mahalakshmi,Sandal Soap Factory,2020-09-26T12:46:53.000Z,34,1,1
10.42.0.1-10.42.0.42-53-51343-17,10183,BMRCL,Bangalore,Sandal Soap Factory,Yeshwanthpur,2022-06-13T23:31:26.000Z,38,0,0
10.42.0.211-10.42.0.1-42282-53-17,10183,BMRCL,Bangalore,Yeshwanthpur,Goraguntepalya,2022-06-07T19:30:20.000Z,33,1,1
205.185.216.10-10.42.0.211-80-50118-6,10183,BMRCL,Bangalore,Goraguntepalya,Peenya,2022-03-19T10:16:54.000Z,38,0,0
172.217.10.74-10.42.0.42-443-52304-6,10183,BMRCL,Bangalore,Peenya,Peenya Industry,2022-03-08T20:02:36.000Z,26,1,1
162.208.22.39-10.42.0.211-443-49085-6,10184,BMRCL,Bangalore,Peenya Industry,Jalahalli,2022-03-08T07:26:28.000Z,36,0,0
140.205.250.8-10.42.0.211-443-33780-6,10184,BMRCL,Bangalore,Jalahalli,Dasarahalli,2022-03-07T14:45:45.000Z,42,1,1
172.217.10.14-10.42.0.211-443-59050-6,10184,BMRCL,Bangalore,Dasarahalli,Nagasandra,2022-03-02T18:12:35.000Z,38,0,0
10.42.0.151-10.42.0.1-19381-53-17,10184,BMRCL,Bangalore,Nadaprabhu Kempegowda,Chikkapette,2022-01-24T03:26:49.000Z,28,0,0
10.42.0.211-64.71.142.124-57400-443-6,10184,BMRCL,Bangalore,Chikkapette,Krishna Rajendra Market,2022-01-16T23:51:18.000Z,29,0,0
172.217.9.227-10.42.0.211-443-58515-6,10184,BMRCL,Bangalore,Krishna Rajendra Market,National College,2022-01-13T13:55:57.000Z,46,0,0
10.42.0.211-10.42.0.1-1696-53-17,10184,BMRCL,Bangalore,Lalbagh Botanical Garden,South End Circle,2021-12-31T00:28:36.000Z,55,0,0
10.42.0.151-119.146.74.33-38816-443-6,10184,BMRCL,Bangalore,Jayanagara,Rashtreeya Vidyalaya Road,2021-12-01T00:24:31.000Z,42,1,1
180.76.148.209-10.42.0.151-80-46996-6,10184,BMRCL,Bangalore,Rashtreeya Vidyalaya Road,Banashankari,2021-09-23T07:59:11.000Z,39,1,1
10.42.0.42-52.84.37.117-50420-443-6,10184,BMRCL,Bangalore,Banashankari,Jaya Prakash Nagara,2021-09-19T12:29:38.000Z,32,0,0
10.42.0.211-52.84.29.154-48941-443-6,10184,BMRCL,Bangalore,Jaya Prakash Nagara,Yelachenahalli,2021-08-31T06:41:39.000Z,32,0,0
10.42.0.211-52.84.26.130-45012-443-6,10184,Delhi Metro,Delhi,Adarsh Nagar,AIIMS,2021-08-02T17:21:28.000Z,27,0,0
172.217.12.174-10.42.0.42-443-47268-6,10184,Delhi Metro,Delhi,AIIMS,Akshardham,2021-07-17T17:45:53.000Z,33,1,1
8.0.6.4-8.6.0.1-0-0-0,10184,Delhi Metro,Delhi,Akshardham,Anand Vihar ISBT,2021-06-25T14:14:07.000Z,25,1,1
172.217.6.234-10.42.0.211-443-54263-6,10184,Delhi Metro,Delhi,Arjan Garh,Arthala,2021-06-23T23:52:03.000Z,45,1,1
202.77.129.150-10.42.0.211-80-37122-6,10184,Delhi Metro,Delhi,Arthala,Ashok Park Main,2021-05-23T09:44:00.000Z,24,1,1
10.42.0.42-23.208.87.120-57690-80-6,10184,Delhi Metro,Delhi,Ashok Park Main,Ashram,2022-06-16T18:34:52.000Z,43,1,1
10.42.0.151-10.42.0.1-21179-53-17,10184,Delhi Metro,Delhi,Azadpur,Badarpur Border,2022-06-08T19:55:44.000Z,20,0,0
172.217.7.10-10.42.0.211-443-35055-6,10184,Delhi Metro,Delhi,Badarpur Border,Badkhal Mor,2022-06-03T18:52:48.000Z,48,1,1
10.42.0.1-10.42.0.42-53-17052-17,10184,Delhi Metro,Delhi,Badkhal Mor,Bahadurgarh City,2022-06-02T22:05:32.000Z,56,0,0
10.42.0.211-74.125.22.157-43430-443-6,10184,Delhi Metro,Delhi,Bahadurgarh City,Barakhambha Road,2022-06-02T14:44:30.000Z,58,0,0
10.42.0.211-114.134.80.163-43408-443-6,10184,Delhi Metro,Delhi,Barakhambha Road,Bata Chowk,2022-06-01T23:26:36.000Z,24,0,0
172.217.9.226-10.42.0.211-443-38929-6,10184,Delhi Metro,Delhi,Bata Chowk,Bhikaji Cama Place,2022-06-01T20:12:05.000Z,40,1,1
10.42.0.211-10.42.0.1-62749-53-17,10184,Delhi Metro,Delhi,Bhikaji Cama Place,Botanical Garden,2022-06-01T18:09:48.000Z,28,0,0
10.42.0.211-23.46.218.213-55178-443-6,10184,Delhi Metro,Delhi,Botanical Garden,Brigadier Hoshiyar Singh,2022-06-01T17:04:36.000Z,50,1,1
10.42.0.211-10.42.0.1-28905-53-17,10185,Delhi Metro,Delhi,Brigadier Hoshiyar Singh,Central Secretariat,2022-05-26T19:45:22.000Z,34,0,0
10.42.0.151-10.42.0.1-33157-53-17,10185,Delhi Metro,Delhi,Central Secretariat,Chandni Chowk,2022-05-26T18:32:57.000Z,21,1,1
173.241.242.143-10.42.0.211-443-45264-6,10185,Delhi Metro,Delhi,Chandni Chowk,Chawri Bazar,2022-05-11T19:00:20.000Z,31,0,0
216.58.212.131-10.42.0.211-443-55184-6,10185,Delhi Metro,Delhi,Chawri Bazar,Chhatarpur,2022-05-06T15:08:32.000Z,42,1,1
10.42.0.211-74.217.63.52-54872-443-6,10185,Delhi Metro,Delhi,Chhatarpur,Chirag Delhi,2022-04-25T18:14:51.153Z,18,1,1
10.42.0.211-66.198.24.225-58618-80-6,10185,Delhi Metro,Delhi,Chirag Delhi,Civil Lines,2022-04-08T17:21:24.000Z,51,0,0
172.217.6.228-10.42.0.211-443-46126-6,10185,Delhi Metro,Delhi,Civil Lines,Dabri Mor-Janakpuri South,2022-04-06T23:30:39.000Z,20,1,1
10.42.0.211-120.55.89.238-48564-8977-6,10185,Delhi Metro,Delhi,Dabri Mor-Janakpuri South,Dashrath Puri,2022-03-30T13:55:56.000Z,28,0,0
10.42.0.151-10.42.0.1-38574-53-17,10185,Delhi Metro,Delhi,Dashrath Puri,Delhi Aerocity,2022-03-28T17:56:19.000Z,24,0,0
172.217.9.238-10.42.0.211-443-39752-6,10185,Delhi Metro,Delhi,Delhi Aerocity,Delhi Cantonment,2022-03-24T14:44:43.000Z,59,1,1
10.42.0.211-10.42.0.1-53886-53-17,10185,Delhi Metro,Delhi,Delhi Cantonment,Delhi Gate,2022-03-23T17:21:21.000Z,38,1,1
151.101.1.140-10.42.0.42-443-45848-6,10185,Delhi Metro,Delhi,Delhi Gate,Dhaula Kuan,2022-06-16T12:18:28.000Z,53,0,0
172.217.12.174-10.42.0.211-443-58317-6,10185,Delhi Metro,Delhi,Dhaula Kuan,Dilshad Garden,2022-04-05T16:26:24.000Z,42,1,1
10.42.0.151-10.42.0.1-3963-53-17,10185,Delhi Metro,Delhi,Dilshad Garden,Durgabai Deshmukh South Campus,2022-04-04T15:43:06.000Z,29,0,0
10.42.0.151-10.42.0.1-48187-53-17,10185,Delhi Metro,Delhi,Durgabai Deshmukh South Campus,Dwarka,2022-02-20T17:26:06.000Z,31,1,1
182.22.65.137-10.42.0.151-443-41720-6,10185,Delhi Metro,Delhi,Dwarka,Dwarka Mor,2022-01-30T19:08:46.000Z,48,0,0
10.42.0.211-67.215.197.149-51091-123-17,10185,Delhi Metro,Delhi,Dwarka Mor,Dwarka Sector 8,2021-10-26T13:07:56.000Z,55,1,1
8.0.6.4-8.6.0.1-0-0-0,10185,Delhi Metro,Delhi,Dwarka Sector 8,Dwarka Sector 9,2021-05-26T12:53:19.000Z,46,0,0
10.42.0.211-40.117.100.83-34286-443-6,10185,Delhi Metro,Delhi,Dwarka Sector 9,Dwarka Sector 10,2021-05-17T10:30:29.000Z,45,0,0
10.42.0.211-23.21.51.186-57038-443-6,10185,Delhi Metro,Delhi,Dwarka Sector 10,Dwarka Sector 11,2021-01-01T17:59:20.000Z,31,0,0
172.217.7.163-10.42.0.42-443-34817-6,10185,Delhi Metro,Delhi,Dwarka Sector 11,Dwarka Sector 12,2020-12-28T10:55:21.000Z,38,0,0
172.217.10.234-10.42.0.211-443-55108-6,10185,Delhi Metro,Delhi,Dwarka Sector 12,Dwarka Sector 13,2020-12-23T14:58:09.000Z,35,0,0
10.42.0.211-65.39.197.206-40489-443-6,10186,Delhi Metro,Delhi,Dwarka Sector 13,Dwarka Sector 14,2020-11-17T10:34:59.000Z,48,1,1
10.42.0.151-31.13.80.5-34975-443-6,10186,Delhi Metro,Delhi,Dwarka Sector 14,Dwarka Sector 21,2019-09-16T10:28:42.000Z,20,1,1
172.217.12.174-10.42.0.151-443-59175-6,10186,Delhi Metro,Delhi,East Azad Nagar,East Vinod Nagar,2019-05-31T09:29:47.000Z,29,0,0
10.42.0.211-98.139.183.24-40106-443-6,10186,Delhi Metro,Delhi,East Vinod Nagar,Escorts Mujesar,2019-02-11T20:07:30.000Z,48,0,0
10.42.0.151-72.21.206.121-52524-443-6,10186,Delhi Metro,Delhi,Escorts Mujesar,ESI Hospital,2019-01-10T21:05:17.000Z,55,0,0
10.42.0.211-77.234.42.92-57893-443-6,10186,Delhi Metro,Delhi,ESI Hospital,Ghevra,2018-11-26T19:01:49.000Z,37,1,1
172.217.3.35-10.42.0.211-443-52567-6,10186,Delhi Metro,Delhi,Ghevra,Ghitorni,2018-11-05T13:55:45.000Z,48,1,1
172.217.3.98-10.42.0.211-443-59885-6,10186,Delhi Metro,Delhi,Ghitorni,Gokulpuri,2018-10-18T11:49:08.000Z,37,1,1
172.217.3.98-10.42.0.151-443-53375-6,10186,Hydrabad Metro Rail,Hydrabad,LB Nagar,Victoria Memorial,2018-10-17T16:47:35.000Z,54,1,1
172.217.12.170-10.42.0.151-443-39002-6,10186,Hydrabad Metro Rail,Hydrabad,Victoria Memorial,Chaitanyapuri,2022-06-18T12:01:29.000Z,48,1,1
10.42.0.151-10.42.0.1-56821-53-17,10186,Hydrabad Metro Rail,Hydrabad,Chaitanyapuri,Dilsukhnagar,2022-06-18T11:13:16.000Z,54,0,0
10.42.0.151-119.146.74.49-50330-443-6,10186,Hydrabad Metro Rail,Hydrabad,Dilsukhnagar,Musarambagh,2022-06-16T18:55:28.000Z,40,1,1
169.55.67.243-10.42.0.211-443-49666-6,10186,Hydrabad Metro Rail,Hydrabad,Musarambagh,New Market,2022-06-15T12:13:59.000Z,27,0,0
10.42.0.42-106.39.169.66-50156-80-6,10186,Hydrabad Metro Rail,Hydrabad,New Market,Malakpet,2022-06-10T17:50:36.000Z,37,0,0
10.42.0.211-10.42.0.1-64723-53-17,10186,Hydrabad Metro Rail,Hydrabad,Malakpet,MG Bus Station,2022-06-09T12:16:41.000Z,32,0,0
180.149.134.221-10.42.0.211-80-48424-6,10186,Hydrabad Metro Rail,Hydrabad,MG Bus Station,Osmania Medical College,2022-06-08T11:59:37.000Z,46,1,1
222.73.28.96-10.42.0.42-80-56092-6,10186,Hydrabad Metro Rail,Hydrabad,Osmania Medical College,Gandhi Bhavan,2022-06-03T13:24:45.000Z,29,0,0
10.42.0.211-23.21.51.186-54865-443-6,10186,Hydrabad Metro Rail,Hydrabad,Gandhi Bhavan,Nampally,2022-06-02T15:46:34.000Z,45,1,1
10.42.0.211-52.1.135.77-35885-80-6,10186,Hydrabad Metro Rail,Hydrabad,Nampally,Assembly,2022-06-01T10:31:26.000Z,31,0,0
10.42.0.211-64.71.142.96-60182-443-6,10186,Hydrabad Metro Rail,Hydrabad,Assembly,Lakdi Ka Pul,2022-05-30T14:46:36.000Z,60,1,1
10.42.0.151-10.42.0.1-22322-53-17,10186,Hydrabad Metro Rail,Hydrabad,Lakdi Ka Pul,Khairatabad,2022-05-28T18:19:31.000Z,39,0,0
10.42.0.151-10.42.0.1-20391-53-17,10186,Hydrabad Metro Rail,Hydrabad,Khairatabad,Errum Manzil,2022-05-26T17:37:51.000Z,40,1,1
192.229.163.180-10.42.0.211-443-45308-6,10186,Hydrabad Metro Rail,Hydrabad,Errum Manzil,Punjagutta,2022-05-25T18:30:51.000Z,19,1,1
192.229.173.173-10.42.0.211-443-49930-6,10186,Hydrabad Metro Rail,Hydrabad,Punjagutta,Ameerpet,2022-05-25T17:24:05.000Z,40,0,0
10.42.0.151-104.16.44.210-46180-443-6,10186,Hydrabad Metro Rail,Hydrabad,Ameerpet,SR Nagar,2022-05-25T15:17:41.000Z,55,1,1
182.22.65.138-10.42.0.42-443-52239-6,10186,Hydrabad Metro Rail,Hydrabad,SR Nagar,ESI Hospital,2022-05-25T13:27:55.000Z,34,0,0
172.217.6.195-10.42.0.211-443-43008-6,10186,Hydrabad Metro Rail,Hydrabad,ESI Hospital,Erragadda,2022-05-25T12:34:01.000Z,56,0,0
172.217.10.234-10.42.0.211-443-59166-6,10186,Hydrabad Metro Rail,Hydrabad,Erragadda,Bharatnagar,2022-05-24T16:13:00.000Z,26,1,1
183.56.172.140-10.42.0.151-80-59439-6,10186,Hydrabad Metro Rail,Hydrabad,Bharatnagar,Moosapet,2022-05-24T15:08:52.000Z,33,1,1
172.217.10.106-10.42.0.211-443-58060-6,10186,Hydrabad Metro Rail,Hydrabad,Moosapet,Balanagar,2022-06-16T12:26:25.000Z,50,0,0
202.77.129.54-10.42.0.42-80-35836-6,10187,Hydrabad Metro Rail,Hydrabad,Balanagar,Kukatpally,2022-06-09T13:48:43.000Z,55,1,1
10.42.0.211-10.42.0.1-47977-53-17,10187,Hydrabad Metro Rail,Hydrabad,Kukatpally,KPHB Colony,2022-06-08T18:32:04.000Z,19,0,0
10.42.0.42-52.85.101.21-59337-443-6,10187,Hydrabad Metro Rail,Hydrabad,KPHB Colony,JNTU College,2022-06-08T17:10:40.000Z,46,1,1
